Goals,Games,Goals/Game,Opponent Goals,Opponent Goals/Game
186,17,10.941176470588236,177,10.411764705882353
